<metadata><idinfo><citation><citeinfo><pubdate>20140908</pubdate><title>Sagegrouse Batch Upload Template</title><geoform>Vector Digital Data Set (Polygon)</geoform></citeinfo></citation><descript><abstract>This shapefile and accompanying metadata is designed to help partners share their data with the conservationefforts.org website. This is intended to be a 'template' of the required/optional attributes. This shapefile does not contain any useful geographic data. However, it DOES provide the template needed for batch submittals of data to conservationefforts.org.</abstract><purpose>The attributes designated in this template should be completed as thouroughly as possible. Please see: https://conservationefforts.org/sgce/batch_upload/ for help.</purpose></descript><spdom><bounding><westbc>-180</westbc><eastbc>180</eastbc><northbc>90</northbc><southbc>-90</southbc></bounding></spdom><keywords><theme><themekt>None</themekt></theme></keywords><accconst>None. Please see 'Distribution Info' for details.</accconst><useconst>None. Users are advised to read the data set's metadata thoroughly to understand appropriate use and data limitations.</useconst><native>Environment as of Metadata Creation: Microsoft Windows 7 Version 6.1 (Build 7601) Service Pack 1; ESRI ArcCatalog 10.2 (Build 3552) Service Pack [N/A] (Build [N/A])</native></idinfo><dataqual><attracc><attraccr>No formal attribute accuracy tests were conducted.</attraccr></attracc><logic>No formal logical accuracy tests were conducted.</logic><complete>Data set is considered complete for the information presented, as described in the abstract. Users are advised to read the rest of the metadata record carefully for additional details.</complete><posacc><horizpa><horizpar>A formal accuracy assessment of the horizontal positional information in the data set has not been conducted.</horizpar></horizpa><vertacc><vertaccr>A formal accuracy assessment of the vertical positional information in the data set has either not been conducted, or is not applicable.</vertaccr></vertacc></posacc><lineage><procstep><procdesc>Development of the data set by the agency / individuals identified in the 'Originator' element in the Identification Info section of the record.</procdesc><procdate>unknown</procdate></procstep></lineage></dataqual><spdoinfo><direct>Vector</direct><ptvctinf/></spdoinfo><spref><horizsys><geograph><latres>0.0198476977</latres><longres>0.0197281547</longres><geogunit>Decimal seconds</geogunit></geograph><geodetic><horizdn>D_WGS_1984</horizdn><ellips>WGS_1984</ellips><semiaxis>6378137.0</semiaxis><denflat>298.257223563</denflat></geodetic></horizsys></spref><eainfo><detailed><enttyp><enttypl>batch_template</enttypl><enttypd>Table containing attribute information associated with the data set.</enttypd><enttypds>Producer defined</enttypds></enttyp><attr><attrlabl>FID</attrlabl><attrdef>Internal feature number.</attrdef><attrdefs>Esri</attrdefs><attrdomv><udom>Sequential unique whole numbers that are automatically generated.</udom></attrdomv></attr><attr><attrlabl>Shape</attrlabl><attrdef>Feature geometry.</attrdef><attrdefs>Esri</attrdefs><attrdomv><udom>Coordinates defining the features.</udom></attrdomv></attr><attr><attrlabl>Id</attrlabl><attrdef>Unknown</attrdef><attrdefs>Producer defined</attrdefs><attrdomv><rdom><rdommin>0</rdommin><rdommax>0</rdommax></rdom></attrdomv></attr><attr><attrlabl>name</attrlabl><attrdef>Name your effort (75 character limit) -- this applies to all polygons submitted in the batch</attrdef><attrdefs>Producer defined</attrdefs><attrdomv><edom><edomv>{Null Value / Empty Field Entry}</edomv><edomvd>Unknown</edomvd><edomvds>Producer defined</edomvds></edom></attrdomv></attr><attr><attrlabl>comp_stat</attrlabl><attrdef>Identify your completion status:
1 = Planned 
2 = In Progress 
3 = Completed</attrdef><attrdefs>Producer defined</attrdefs><attrdomv><edom><edomv>{Null Value / Empty Field Entry}</edomv><edomvd>Unknown</edomvd><edomvds>Producer defined</edomvds></edom></attrdomv></attr><attr><attrlabl>agency</attrlabl><attrdef>Identify the agency or conservation partner:
1 = BLM
2 = USBR
3 = Conservation District
4 = County
5 = DOD
6 = Department of Energy
7 = Local Working Group
8 = NRCS
9 = NPS
10 = None
11 = NGO
12 = Other
13 = Private
14 = State
15 = Tribe
16 = USFWS
17 = USFS
18 = USGS
19 = University/Researcher</attrdef><attrdefs>Producer defined</attrdefs><attrdomv><edom><edomv>{Null Value / Empty Field Entry}</edomv><edomvd>Unknown</edomvd><edomvds>Producer defined</edomvds></edom></attrdomv></attr><attr><attrlabl>office</attrlabl><attrdef>Identify if there is a specific Federal agency Office (e.g. BLM Landers Field Office), or Agency/Organization name (e.g. Oregon Dept of Fish and Wildlife, The Nature Conservancy) that these data pertain to. This is a text field, however, please ensure it matches the Office/Name of Agency or Organization field options within your profile.</attrdef><attrdefs>Producer defined</attrdefs><attrdomv><edom><edomv>{Null Value / Empty Field Entry}</edomv><edomvd>Unknown</edomvd><edomvds>Producer defined</edomvds></edom></attrdomv></attr><attr><attrlabl>type</attrlabl><attrdef>Identify whether these polygons represent a Plan or a Project. Please refer to the conservationeffots.org Help or the FAQ pages to understand the differences between a Plan and a Project.</attrdef><attrdefs>Producer defined</attrdefs><attrdomv><edom><edomv>{Null Value / Empty Field Entry}</edomv><edomvd>Unknown</edomvd><edomvds>Producer defined</edomvds></edom></attrdomv></attr><attr><attrlabl>activity</attrlabl><attrdef>Non-regulatory Conservation Strategies View Subactivities
Regulatory Mechanisms, Plans, Policy View Subactivities
Wildfire: Interagency Pre-suppression Planning Efforts View Subactivities
Project View Project Activities
Habitat Protection: Conservation Easement View Subactivities
Habitat Protection: Habitat Acquisition View Subactivities
Restoration: Infrastructure Removal, and Modification View Subactivities
Restoration: Livestock and Rangeland Management  View Subactivities
Restoration: Recreation Management  View Subactivities
Restoration: Conifer Removal  View Subactivities
Restoration: Habitat Reclamation Efforts  View Subactivities
Restoration: Habitat Restoration View Subactivities
Restoration: Population Augmentation View Subactivities
Restoration: Wild Equid Management View Subactivities
Restoration: Wildfire Pre-suppression Efforts</attrdef><attrdefs>Producer defined</attrdefs><attrdomv><edom><edomv>{Null Value / Empty Field Entry}</edomv><edomvd>Unknown</edomvd><edomvds>Producer defined</edomvds></edom></attrdomv></attr><attr><attrlabl>sbactivity</attrlabl><attrdef>Subactivity. Please see:  https://conservationefforts.org/sgce/batch_upload/</attrdef><attrdefs>Producer defined</attrdefs><attrdomv><edom><edomv>{Null Value / Empty Field Entry}</edomv><edomvd>Unknown</edomvd><edomvds>Producer defined</edomvds></edom></attrdomv></attr><attr><attrlabl>threats</attrlabl><attrdef>Identify one or more threats:
1 = Agricultural Conversion
2 = Conifer Encroachment
3 = Energy Development
4 = Fire
5 = Free Roaming Equids
6 = Grazing / Range Management
7 = Infrastructure
8 = Isolated / Small Population Size
9 = Mining
10 = Noxious Weeds / Annual Grasses
11 = Recreation
12 = Sagebrush Elimination
13 = Urbanization</attrdef><attrdefs>Producer defined</attrdefs><attrdomv><edom><edomv>{Null Value / Empty Field Entry}</edomv><edomvd>Unknown</edomvd><edomvds>Producer defined</edomvds></edom></attrdomv></attr><attr><attrlabl>objective</attrlabl><attrdef>Provide a text description of the objectives of the plan or project.</attrdef><attrdefs>Producer defined</attrdefs><attrdomv><edom><edomv>{Null Value / Empty Field Entry}</edomv><edomvd>Unknown</edomvd><edomvds>Producer defined</edomvds></edom></attrdomv></attr><attr><attrlabl>effects</attrlabl><attrdef>Provide a text description of the effects of the plan or project.</attrdef><attrdefs>Producer defined</attrdefs><attrdomv><edom><edomv>{Null Value / Empty Field Entry}</edomv><edomvd>Unknown</edomvd><edomvds>Producer defined</edomvds></edom></attrdomv></attr><attr><attrlabl>comments</attrlabl><attrdef>You may add some general notes on the plan or project (text).</attrdef><attrdefs>Producer defined</attrdefs><attrdomv><edom><edomv>{Null Value / Empty Field Entry}</edomv><edomvd>Unknown</edomvd><edomvds>Producer defined</edomvds></edom></attrdomv></attr><attr><attrlabl>ownership</attrlabl><attrdef>Select one or more ownership of the lands identified by your polygons:
1 = Bureau of Land Management
2 = Bureau of Reclamation
3 = County
4 = Department of Defense
5 = Department of Energy
6 = National Park Service
7 = Nongovernmental Organization
8 = Private
9 = State
10 = Tribe
11 = U.S. Fish and Wildlife Service
12 = U.S. Forest Service
13 = Other</attrdef><attrdefs>Producer defined</attrdefs><attrdomv><edom><edomv>{Null Value / Empty Field Entry}</edomv><edomvd>Unknown</edomvd><edomvds>Producer defined</edomvds></edom></attrdomv></attr><attr><attrlabl>imp_stat</attrlabl><attrdef>Identify the current implementation status of the activity:
1 = Planned
2 = In Progress
3 = Completed</attrdef><attrdefs>Producer defined</attrdefs><attrdomv><edom><edomv>{Null Value / Empty Field Entry}</edomv><edomvd>Unknown</edomvd><edomvds>Producer defined</edomvds></edom></attrdomv></attr><attr><attrlabl>start_date</attrlabl><attrdef>Identify the start date.</attrdef><attrdefs>Producer defined</attrdefs><attrdomv><rdom><rdommin>12:00:00 AM</rdommin><rdommax>12:00:00 AM</rdommax></rdom></attrdomv></attr><attr><attrlabl>finsh_date</attrlabl><attrdef>Identify the finish date.</attrdef><attrdefs>Producer defined</attrdefs><attrdomv><rdom><rdommin>12:00:00 AM</rdommin><rdommax>12:00:00 AM</rdommax></rdom></attrdomv></attr><attr><attrlabl>effective</attrlabl><attrdef>Has the activity been deemed effective? (1 = Yes, 2 = No)</attrdef><attrdefs>Producer defined</attrdefs><attrdomv><edom><edomv>{Null Value / Empty Field Entry}</edomv><edomvd>Unknown</edomvd><edomvds>Producer defined</edomvds></edom></attrdomv></attr><attr><attrlabl>why_effect</attrlabl><attrdef>Explain why the activity was deemed effective (descriptive text).</attrdef><attrdefs>Producer defined</attrdefs><attrdomv><edom><edomv>{Null Value / Empty Field Entry}</edomv><edomvd>Unknown</edomvd><edomvds>Producer defined</edomvds></edom></attrdomv></attr><attr><attrlabl>implement1</attrlabl><attrdef>If the action has not yet been implemented, is there a high level of certainty that the activity will be implemented? (1 = Yes, 2 = No)</attrdef><attrdefs>Producer defined</attrdefs><attrdomv><edom><edomv>{Null Value / Empty Field Entry}</edomv><edomvd>Unknown</edomvd><edomvds>Producer defined</edomvds></edom></attrdomv></attr><attr><attrlabl>implement2</attrlabl><attrdef>If the action has not yet been implemented, is there a high level of certainty that the implementing party has the legal authority to conduct the activity? (1 = Yes, 2 = No)</attrdef><attrdefs>Producer defined</attrdefs><attrdomv><edom><edomv>{Null Value / Empty Field Entry}</edomv><edomvd>Unknown</edomvd><edomvds>Producer defined</edomvds></edom></attrdomv></attr><attr><attrlabl>implement3</attrlabl><attrdef>If the action has not yet been implemented, is there a high level of certainty that financial, staffing, and administrative resources necessary to carry out the conservation effort are available? (1 = Yes, 2 = No)</attrdef><attrdefs>Producer defined</attrdefs><attrdomv><edom><edomv>{Null Value / Empty Field Entry}</edomv><edomvd>Unknown</edomvd><edomvds>Producer defined</edomvds></edom></attrdomv></attr><attr><attrlabl>implement4</attrlabl><attrdef>If the action has not yet been implemented, is there a high level of certainty that regulatory and/or procedural mechanisms are in place to carry out the efforts? (1 = Yes, 2 = No)</attrdef><attrdefs>Producer defined</attrdefs><attrdomv><edom><edomv>{Null Value / Empty Field Entry}</edomv><edomvd>Unknown</edomvd><edomvds>Producer defined</edomvds></edom></attrdomv></attr><attr><attrlabl>implement5</attrlabl><attrdef>If the action has not yet been implemented, is there a high level of certainty that all Federal/State/Local legal project compliance requirements have been met or are reasonably certain to be met? (1 = Yes, 2 = No)</attrdef><attrdefs>Producer defined</attrdefs><attrdomv><edom><edomv>{Null Value / Empty Field Entry}</edomv><edomvd>Unknown</edomvd><edomvds>Producer defined</edomvds></edom></attrdomv></attr><attr><attrlabl>implement6</attrlabl><attrdef>If the action has not yet been implemented voluntary participation is needed, is there a high level of certainty that there are incentives adequate to ensure the level of participation necessary to carry out the conservation effort? (0 = N/A, 1 = Yes, 2 = No)</attrdef><attrdefs>Producer defined</attrdefs><attrdomv><edom><edomv>{Null Value / Empty Field Entry}</edomv><edomvd>Unknown</edomvd><edomvds>Producer defined</edomvds></edom></attrdomv></attr><attr><attrlabl>effective1</attrlabl><attrdef>If the activity has not yet been deemed effective, does the action describe how the conservation effort reduces the threats? (1 = Yes, 2 = No)</attrdef><attrdefs>Producer defined</attrdefs><attrdomv><edom><edomv>{Null Value / Empty Field Entry}</edomv><edomvd>Unknown</edomvd><edomvds>Producer defined</edomvds></edom></attrdomv></attr><attr><attrlabl>effective2</attrlabl><attrdef>If the activity has not yet been deemed effective, does the action provide incremental objectives and dates for achieving them? (1 = Yes, 2 = No)</attrdef><attrdefs>Producer defined</attrdefs><attrdomv><edom><edomv>{Null Value / Empty Field Entry}</edomv><edomvd>Unknown</edomvd><edomvds>Producer defined</edomvds></edom></attrdomv></attr><attr><attrlabl>effective3</attrlabl><attrdef>If the activity has not yet been deemed effective, does the action provide quantifiable performance measures to monitor both implementation and effectiveness? (1 = Yes, 2 = No)</attrdef><attrdefs>Producer defined</attrdefs><attrdomv><edom><edomv>{Null Value / Empty Field Entry}</edomv><edomvd>Unknown</edomvd><edomvds>Producer defined</edomvds></edom></attrdomv></attr><attr><attrlabl>effective4</attrlabl><attrdef>If the activity has not yet been deemed effective, does the action incorporate principles of adaptive management (e.g. a corrective management strategy)? (1 = Yes, 2 = No)</attrdef><attrdefs>Producer defined</attrdefs><attrdomv><edom><edomv>{Null Value / Empty Field Entry}</edomv><edomvd>Unknown</edomvd><edomvds>Producer defined</edomvds></edom></attrdomv></attr><attr><attrlabl>colaborate</attrlabl><attrdef>Identify all collaborating parties:
1 = BLM
2 = USBR
3 = Conservation District</attrdef><attrdefs>Producer defined</attrdefs><attrdomv><edom><edomv>{Null Value / Empty Field Entry}</edomv><edomvd>Unknown</edomvd><edomvds>Producer defined</edomvds></edom></attrdomv></attr><attr><attrlabl>SHAPE_Leng</attrlabl><attrdef>Unknown</attrdef><attrdefs>Producer defined</attrdefs><attrdomv><rdom><rdommin>0</rdommin><rdommax>0</rdommax></rdom></attrdomv></attr><attr><attrlabl>SHAPE_Area</attrlabl><attrdef>Area of feature in internal units squared.</attrdef><attrdefs>Esri</attrdefs><attrdomv><rdom><rdommin>0</rdommin><rdommax>0</rdommax></rdom><udom>Positive real numbers that are automatically generated.</udom></attrdomv></attr></detailed><overview><eaover>The entity and attribute information provided here describes the tabular data associated with the data set. Please review the detailed descriptions that are provided (the individual attribute descriptions) for information on the values that appear as fields/table entries of the data set.</eaover><eadetcit>The entity and attribute information was generated by the individual and/or agency identified as the originator of the data set. Please review the rest of the metadata record for additional details and information.</eadetcit></overview></eainfo><distinfo><distliab>See access and use constraints information.</distliab><stdorder><digform><digtinfo><formname>Vector Digital Data Set (Polygon)</formname></digtinfo></digform></stdorder></distinfo><metainfo><metd>20140908</metd><metstdn>FGDC Content Standard for Digital Geospatial Metadata</metstdn><metstdv>FGDC-STD-001-1998</metstdv><mettc>local time</mettc></metainfo><mdLang><languageCode value="eng"/><countryCode value="USA"/></mdLang><mdChar><CharSetCd value="004"/></mdChar><mdHrLv><ScopeCd value="005"/></mdHrLv><mdDateSt>20140908</mdDateSt><mdStanName>ArcGIS Metadata</mdStanName><mdStanVer>1.0</mdStanVer><distInfo><distributor><distorOrdPrc/><distorFormat><formatName>Vector Digital Data Set (Polygon)</formatName></distorFormat></distributor><distFormat><formatName>Shapefile</formatName></distFormat><distTranOps><transSize>0.023</transSize></distTranOps></distInfo><dataIdInfo><idCitation><resTitle>Sagegrouse Batch Upload Template</resTitle><date><pubDate>2014-09-08</pubDate></date><presForm><fgdcGeoform>Vector Digital Data Set (Polygon)</fgdcGeoform><PresFormCd value="005"/></presForm></idCitation><idAbs>This shapefile and accompanying metadata is designed to help partners share their data with the conservationefforts.org website. This is intended to be a 'template' of the required/optional attributes. This shapefile does not contain any useful geographic data. However, it DOES provide the template needed for batch submittals of data to conservationefforts.org.</idAbs><idPurp>The attributes designated in this template should be completed as thouroughly as possible. Please see: https://conservationefforts.org/sgce/batch_upload/ for help.</idPurp><themeKeys/><searchKeys/><resConst><LegConsts><useLimit>See access and use constraints information.</useLimit><othConsts>None. Please see 'Distribution Info' for details.</othConsts></LegConsts></resConst><resConst><Consts><useLimit>None. Users are advised to read the data set's metadata thoroughly to understand appropriate use and data limitations.</useLimit></Consts></resConst><spatRpType><SpatRepTypCd value="001"/></spatRpType><dataLang><languageCode value="eng"/><countryCode value="USA"/></dataLang><envirDesc>Microsoft Windows 7 Version 6.1 (Build 7601) Service Pack 1; Esri ArcGIS 10.2.2.3552</envirDesc><dataExt><geoEle><GeoBndBox><westBL>-180</westBL><eastBL>180</eastBL><southBL>-90</southBL><northBL>90</northBL></GeoBndBox></geoEle></dataExt><dataExt><geoEle><GeoBndBox esriExtentType="search"><exTypeCode>1</exTypeCode><westBL>-113.551807</westBL><eastBL>-112.120482</eastBL><northBL>40.315663</northBL><southBL>38.407229</southBL></GeoBndBox></geoEle></dataExt></dataIdInfo><dqInfo><dqScope><scpLvl><ScopeCd value="005"/></scpLvl></dqScope><report type="DQConcConsis"><measDesc>No formal logical accuracy tests were conducted.</measDesc></report><report type="DQCompOm"><measDesc>Data set is considered complete for the information presented, as described in the abstract. Users are advised to read the rest of the metadata record carefully for additional details.</measDesc></report><report type="DQQuanAttAcc"><measDesc>No formal attribute accuracy tests were conducted.</measDesc></report><report type="DQAbsExtPosAcc" dimension="horizontal"><measDesc>A formal accuracy assessment of the horizontal positional information in the data set has not been conducted.</measDesc></report><report type="DQAbsExtPosAcc" dimension="vertical"><measDesc>A formal accuracy assessment of the vertical positional information in the data set has either not been conducted, or is not applicable.</measDesc></report><dataLineage><prcStep><stepDesc>Development of the data set by the agency / individuals identified in the 'Originator' element in the Identification Info section of the record.</stepDesc><stepDateTm date="unknown"/></prcStep></dataLineage></dqInfo><mdHrLvName>dataset</mdHrLvName><refSysInfo><RefSystem><refSysID><identCode code="4326"/><idCodeSpace>EPSG</idCodeSpace><idVersion>8.2.6</idVersion></refSysID></RefSystem></refSysInfo><spatRepInfo><VectSpatRep><geometObjs><geoObjTyp><GeoObjTypCd value="002"/></geoObjTyp><geoObjCnt>1</geoObjCnt></geometObjs><topLvl><TopoLevCd value="001"/></topLvl></VectSpatRep></spatRepInfo></metadata>
